,Address,AdmArea,District,x,y,Category
0,"город Москва, Свободный проспект, дом 19",Восточный административный округ,район Ивановское,37.820871539874,55.758802835025,Дом культуры или клуб
1,"город Москва, Свободный проспект, дом 19",Восточный административный округ,район Ивановское,37.171365860468,55.987690309123,Дом культуры или клуб
2,"город Москва, Свободный проспект, дом 19",Восточный административный округ,район Ивановское,37.713339144310105,55.87074304154463,Дом культуры или клуб
3,"город Москва, Свободный проспект, дом 19",Восточный административный округ,район Ивановское,37.733017819213,55.707894417937,Дом культуры или клуб
4,"город Москва, Свободный проспект, дом 19",Восточный административный округ,район Ивановское,37.595019929653,55.597277184095,Дом культуры или клуб
5,"город Москва, Свободный проспект, дом 19",Восточный административный округ,район Ивановское,37.405166041419,55.732200920678,Дом культуры или клуб
6,"город Москва, Свободный проспект, дом 19",Восточный административный округ,район Ивановское,37.766780825166,55.633396523502,Дом культуры или клуб
7,"город Москва, Свободный проспект, дом 19",Восточный административный округ,район Ивановское,37.467434019177,55.866246411572,Дом культуры или клуб
8,"город Москва, Свободный проспект, дом 19",Восточный административный округ,район Ивановское,37.515784043306056,55.66015271884584,Дом культуры или клуб
9,"город Москва, Свободный проспект, дом 19",Восточный административный округ,район Ивановское,37.51313929663,55.861610493749,Дом культуры или клуб
10,"город Москва, Свободный проспект, дом 19",Восточный административный округ,район Ивановское,37.480420172029,55.788922110476,Дом культуры или клуб
11,"город Москва, Свободный проспект, дом 19",Восточный административный округ,район Ивановское,37.827771473035,55.767118006598,Дом культуры или клуб
12,"город Москва, Свободный проспект, дом 19",Восточный административный округ,район Ивановское,37.567842624943,55.828323686808,Дом культуры или клуб
13,"город Москва, Свободный проспект, дом 19",Восточный административный округ,район Ивановское,37.344527572197,55.323905721859,Дом культуры или клуб
14,"город Москва, Свободный проспект, дом 19",Восточный административный округ,район Ивановское,37.683219284265,55.869444247814,Дом культуры или клуб
15,"город Москва, Свободный проспект, дом 19",Восточный административный округ,район Ивановское,37.074070961485496,55.2146345863183,Дом культуры или клуб
16,"город Москва, Свободный проспект, дом 19",Восточный административный округ,район Ивановское,36.86749873915684,55.431062873454884,Дом культуры или клуб
17,"город Москва, Свободный проспект, дом 19",Восточный административный округ,район Ивановское,37.494157474291,55.879220552207,Дом культуры или клуб
18,"город Москва, Свободный проспект, дом 19",Восточный административный округ,район Ивановское,37.506283763579,55.639722071512,Дом культуры или клуб
19,"город Москва, Свободный проспект, дом 19",Восточный административный округ,район Ивановское,37.592946374049,55.688072811849,Дом культуры или клуб
20,"город Москва, Свободный проспект, дом 19",Восточный административный округ,район Ивановское,37.612167250756,55.797828567969,Дом культуры или клуб
21,"город Москва, Свободный проспект, дом 19",Восточный административный округ,район Ивановское,37.799140487924,55.638120580557,Дом культуры или клуб
22,"город Москва, Свободный проспект, дом 19",Восточный административный округ,район Ивановское,37.673999481136,55.581634186995,Дом культуры или клуб
23,"город Москва, Свободный проспект, дом 19",Восточный административный округ,район Ивановское,37.454017355786,55.840720692388,Дом культуры или клуб
24,"город Москва, Свободный проспект, дом 19",Восточный административный округ,район Ивановское,37.72121525681108,55.60911199338594,Дом культуры или клуб
25,"город Москва, Свободный проспект, дом 19",Восточный административный округ,район Ивановское,37.844764649193,55.703190730703,Дом культуры или клуб
26,"город Москва, Свободный проспект, дом 19",Восточный административный округ,район Ивановское,37.657886263939,55.714474150059,Дом культуры или клуб
27,"город Москва, Свободный проспект, дом 19",Восточный административный округ,район Ивановское,37.750379081017,55.677859160424,Дом культуры или клуб
28,"город Москва, Свободный проспект, дом 19",Восточный административный округ,район Ивановское,37.332517485768,55.502529374332,Дом культуры или клуб
29,"город Москва, Свободный проспект, дом 19",Восточный административный округ,район Ивановское,37.55755974864,55.803205049709,Дом культуры или клуб
30,"город Москва, Свободный проспект, дом 19",Восточный административный округ,район Ивановское,37.491711884897,55.875671218899,Дом культуры или клуб
31,"город Москва, Свободный проспект, дом 19",Восточный административный округ,район Ивановское,37.633274372144,55.808082632926,Дом культуры или клуб
32,"город Москва, Свободный проспект, дом 19",Восточный административный округ,район Ивановское,37.685178814096,55.682269145429,Дом культуры или клуб
33,"город Москва, Свободный проспект, дом 19",Восточный административный округ,район Ивановское,37.538766010047,55.613750644025,Дом культуры или клуб
34,"город Москва, Свободный проспект, дом 19",Восточный административный округ,район Ивановское,37.627003181747,55.897379322918,Дом культуры или клуб
35,"город Москва, Свободный проспект, дом 19",Восточный административный округ,район Ивановское,37.455756083747,55.792005645164,Дом культуры или клуб
36,"город Москва, Свободный проспект, дом 19",Восточный административный округ,район Ивановское,37.355748733403,55.846383204496,Дом культуры или клуб
37,"город Москва, Свободный проспект, дом 19",Восточный административный округ,район Ивановское,37.922368182373,55.683707694537,Дом культуры или клуб
38,"город Москва, Свободный проспект, дом 19",Восточный административный округ,район Ивановское,37.189111925045,55.413373493372,Дом культуры или клуб
39,"город Москва, Свободный проспект, дом 19",Восточный административный округ,район Ивановское,37.553426860512,55.939849342715,Дом культуры или клуб
40,"город Москва, Свободный проспект, дом 19",Восточный административный округ,район Ивановское,37.580394522572,55.502272246353,Дом культуры или клуб
41,"город Москва, Свободный проспект, дом 19",Восточный административный округ,район Ивановское,37.606857593933,55.590983697704,Дом культуры или клуб
42,"город Москва, Свободный проспект, дом 19",Восточный административный округ,район Ивановское,37.620971519873,55.673571733637,Дом культуры или клуб
43,"город Москва, Свободный проспект, дом 19",Восточный административный округ,район Ивановское,37.644272364274,55.593264218719,Дом культуры или клуб
44,"город Москва, Свободный проспект, дом 19",Восточный административный округ,район Ивановское,37.360953253946,55.640600741335,Дом культуры или клуб
45,"город Москва, Свободный проспект, дом 19",Восточный административный округ,район Ивановское,37.425340350954,55.734324023696,Дом культуры или клуб
46,"город Москва, Свободный проспект, дом 19",Восточный административный округ,район Ивановское,37.686570350578,55.73729939161,Дом культуры или клуб
47,"город Москва, Свободный проспект, дом 19",Восточный административный округ,район Ивановское,37.624067507454,55.82263061729,Дом культуры или клуб
48,"город Москва, Свободный проспект, дом 19",Восточный административный округ,район Ивановское,37.153663305502,55.989616418898,Дом культуры или клуб
49,"город Москва, Свободный проспект, дом 19",Восточный административный округ,район Ивановское,37.451785768839,55.77980839245,Дом культуры или клуб
50,"город Москва, Свободный проспект, дом 19",Восточный административный округ,район Ивановское,37.571346544405934,55.82434118661601,Дом культуры или клуб
51,"город Москва, Свободный проспект, дом 19",Восточный административный округ,район Ивановское,37.500085544988,55.66495043166,Дом культуры или клуб
52,"город Москва, Свободный проспект, дом 19",Восточный административный округ,район Ивановское,37.467947147857,55.702648904624,Дом культуры или клуб
53,"город Москва, Свободный проспект, дом 19",Восточный административный округ,район Ивановское,37.405845568677,55.655778329418,Дом культуры или клуб
54,"город Москва, Свободный проспект, дом 19",Восточный административный округ,район Ивановское,37.480608540611,55.736913017969,Дом культуры или клуб
55,"город Москва, Свободный проспект, дом 19",Восточный административный округ,район Ивановское,37.490982,55.734192,Дом культуры или клуб
56,"город Москва, Свободный проспект, дом 19",Восточный административный округ,район Ивановское,37.584078154433,55.609425008018,Дом культуры или клуб
57,"город Москва, Свободный проспект, дом 19",Восточный административный округ,район Ивановское,37.661362267323,55.815630696525,Дом культуры или клуб
58,"город Москва, Свободный проспект, дом 19",Восточный административный округ,район Ивановское,37.54167941001902,55.47332605487446,Дом культуры или клуб
59,"город Москва, Свободный проспект, дом 19",Восточный административный округ,район Ивановское,37.419352890719,55.748935721834,Дом культуры или клуб
60,"город Москва, Свободный проспект, дом 19",Восточный административный округ,район Ивановское,37.822047,55.734755,Дом культуры или клуб
61,"город Москва, Свободный проспект, дом 19",Восточный административный округ,район Ивановское,37.643058,55.862793,Дом культуры или клуб
62,"город Москва, Свободный проспект, дом 19",Восточный административный округ,район Ивановское,36.94057284155967,55.466281803900785,Дом культуры или клуб
63,"город Москва, Свободный проспект, дом 19",Восточный административный округ,район Ивановское,37.749298166554,55.731238718267,Дом культуры или клуб
64,"город Москва, Свободный проспект, дом 19",Восточный административный округ,район Ивановское,37.20654188940114,55.59401640651746,Дом культуры или клуб
65,"город Москва, Свободный проспект, дом 19",Восточный административный округ,район Ивановское,37.445581286433,55.866812752497,Дом культуры или клуб
66,"город Москва, Свободный проспект, дом 19",Восточный административный округ,район Ивановское,37.496291,55.79306,Дом культуры или клуб
67,"город Москва, Свободный проспект, дом 19",Восточный административный округ,район Ивановское,37.705875583032,55.610823808924,Дом культуры или клуб
68,"город Москва, Свободный проспект, дом 19",Восточный административный округ,район Ивановское,37.404496,55.811886,Дом культуры или клуб
69,"город Москва, Свободный проспект, дом 19",Восточный административный округ,район Ивановское,37.685467,55.855042,Дом культуры или клуб
70,"город Москва, Свободный проспект, дом 19",Восточный административный округ,район Ивановское,37.515734843242,55.738900440717,Дом культуры или клуб
71,"город Москва, Свободный проспект, дом 19",Восточный административный округ,район Ивановское,37.630499,55.662187,Дом культуры или клуб
72,"город Москва, Свободный проспект, дом 19",Восточный административный округ,район Ивановское,37.52098553372947,55.44950206890431,Дом культуры или клуб
73,"город Москва, Свободный проспект, дом 19",Восточный административный округ,район Ивановское,37.149403847068,55.987172377455,Дом культуры или клуб
74,"город Москва, Свободный проспект, дом 19",Восточный административный округ,район Ивановское,37.594132007995,55.790166622746,Дом культуры или клуб
75,"город Москва, Свободный проспект, дом 19",Восточный административный округ,район Ивановское,37.49232,55.79097,Дом культуры или клуб
76,"город Москва, Свободный проспект, дом 19",Восточный административный округ,район Ивановское,37.764539223526,55.824185963516,Дом культуры или клуб
77,"город Москва, Свободный проспект, дом 19",Восточный административный округ,район Ивановское,37.6559869573,55.759133071742,Дом культуры или клуб
78,"город Москва, Таганская улица, дом 31/22",Центральный административный округ,Таганский район,37.669169479562,55.739641402986,Выставочный зал
79,"город Москва, Таганская улица, дом 31/22",Центральный административный округ,Таганский район,37.525589645596,55.644896049273,Выставочный зал
80,"город Москва, Таганская улица, дом 31/22",Центральный административный округ,Таганский район,37.685992323696,55.58396705478,Выставочный зал
81,"город Москва, Таганская улица, дом 31/22",Центральный административный округ,Таганский район,37.492193762426,55.788458979373,Выставочный зал
82,"город Москва, Таганская улица, дом 31/22",Центральный административный округ,Таганский район,37.661653549637,55.714559143295,Выставочный зал
83,"город Москва, Таганская улица, дом 31/22",Центральный административный округ,Таганский район,37.600310837053,55.676369668674,Выставочный зал
84,"город Москва, Таганская улица, дом 31/22",Центральный административный округ,Таганский район,37.428977759194,55.84889723436,Выставочный зал
85,"город Москва, Таганская улица, дом 31/22",Центральный административный округ,Таганский район,37.512935741337,55.792942379791,Выставочный зал
86,"город Москва, Таганская улица, дом 31/22",Центральный административный округ,Таганский район,37.770201025889,55.790929260336,Выставочный зал
87,"город Москва, Таганская улица, дом 31/22",Центральный административный округ,Таганский район,37.639260047146,55.754078249934,Выставочный зал
88,"город Москва, Таганская улица, дом 31/22",Центральный административный округ,Таганский район,37.819238352959,55.708307793018,Выставочный зал
89,"город Москва, Таганская улица, дом 31/22",Центральный административный округ,Таганский район,37.734228464044,55.813850219609,Выставочный зал
90,"город Москва, Таганская улица, дом 31/22",Центральный административный округ,Таганский район,37.774451313982,55.757869321884,Выставочный зал
91,"город Москва, Таганская улица, дом 31/22",Центральный административный округ,Таганский район,37.705995903518,55.659479960349,Выставочный зал
92,"город Москва, Таганская улица, дом 31/22",Центральный административный округ,Таганский район,37.647012265357,55.661467274234,Выставочный зал
93,"город Москва, Таганская улица, дом 31/22",Центральный административный округ,Таганский район,37.658862936603,55.835933312341,Выставочный зал
94,"город Москва, Таганская улица, дом 31/22",Центральный административный округ,Таганский район,37.610172208205,55.712852435189,Выставочный зал
95,"город Москва, Таганская улица, дом 31/22",Центральный административный округ,Таганский район,37.396457340067,55.651248514282,Выставочный зал
96,"город Москва, Таганская улица, дом 31/22",Центральный административный округ,Таганский район,37.461236592156,55.718347795579,Выставочный зал
97,"город Москва, Таганская улица, дом 31/22",Центральный административный округ,Таганский район,37.618713989258,55.657069513646,Выставочный зал
98,"город Москва, Таганская улица, дом 31/22",Центральный административный округ,Таганский район,37.59449857902808,55.74912982953155,Выставочный зал
99,"город Москва, Таганская улица, дом 31/22",Центральный административный округ,Таганский район,37.6496720457062,55.73620881451942,Выставочный зал
100,"город Москва, улица Римского-Корсакова, дом 16",Северо-Восточный административный округ,район Отрадное,37.587494953455,55.867530608078,Библиотека
101,"город Москва, улица Римского-Корсакова, дом 16",Северо-Восточный административный округ,район Отрадное,37.685992323696,55.58396705478,Библиотека
102,"город Москва, улица Римского-Корсакова, дом 16",Северо-Восточный административный округ,район Отрадное,37.586619245532,55.708618529789,Библиотека
103,"город Москва, улица Римского-Корсакова, дом 16",Северо-Восточный административный округ,район Отрадное,37.477928135078,55.64615629859,Библиотека
104,"город Москва, улица Римского-Корсакова, дом 16",Северо-Восточный административный округ,район Отрадное,37.33099555747555,55.65902831214797,Библиотека
105,"город Москва, улица Римского-Корсакова, дом 16",Северо-Восточный административный округ,район Отрадное,37.78295716528862,55.70854132781237,Библиотека
106,"город Москва, улица Римского-Корсакова, дом 16",Северо-Восточный административный округ,район Отрадное,37.753637185603,55.621632342408,Библиотека
107,"город Москва, улица Римского-Корсакова, дом 16",Северо-Восточный административный округ,район Отрадное,37.461312784202,55.717991008031,Библиотека
108,"город Москва, улица Римского-Корсакова, дом 16",Северо-Восточный административный округ,район Отрадное,37.512935741337,55.792942379791,Библиотека
109,"город Москва, улица Римского-Корсакова, дом 16",Северо-Восточный административный округ,район Отрадное,37.86755723091719,55.81724705446143,Библиотека
110,"город Москва, улица Римского-Корсакова, дом 16",Северо-Восточный административный округ,район Отрадное,37.727070318028,55.609107898023,Библиотека
111,"город Москва, улица Римского-Корсакова, дом 16",Северо-Восточный административный округ,район Отрадное,37.566800864364,55.81236883305,Библиотека
112,"город Москва, улица Римского-Корсакова, дом 16",Северо-Восточный административный округ,район Отрадное,37.628936227232,55.897588458578,Библиотека
113,"город Москва, улица Римского-Корсакова, дом 16",Северо-Восточный административный округ,район Отрадное,37.394841259218,55.710737247352,Библиотека
114,"город Москва, улица Римского-Корсакова, дом 16",Северо-Восточный административный округ,район Отрадное,37.74368003683631,55.6974606049943,Библиотека
115,"город Москва, улица Римского-Корсакова, дом 16",Северо-Восточный административный округ,район Отрадное,37.668711585032,55.858476067348,Библиотека
116,"город Москва, улица Римского-Корсакова, дом 16",Северо-Восточный административный округ,район Отрадное,37.746293702145,55.701937362737,Библиотека
117,"город Москва, улица Римского-Корсакова, дом 16",Северо-Восточный административный округ,район Отрадное,37.578212211505,55.78586772485,Библиотека
118,"город Москва, улица Римского-Корсакова, дом 16",Северо-Восточный административный округ,район Отрадное,37.230517291311,55.988604764437,Библиотека
119,"город Москва, улица Римского-Корсакова, дом 16",Северо-Восточный административный округ,район Отрадное,37.516483864996,55.819236729226,Библиотека
120,"город Москва, улица Римского-Корсакова, дом 16",Северо-Восточный административный округ,район Отрадное,37.569783020538,55.845149102555,Библиотека
121,"город Москва, улица Римского-Корсакова, дом 16",Северо-Восточный административный округ,район Отрадное,37.78766539562296,55.764694641390314,Библиотека
122,"город Москва, улица Римского-Корсакова, дом 16",Северо-Восточный административный округ,район Отрадное,37.677837332495,55.63141088834,Библиотека
123,"город Москва, улица Римского-Корсакова, дом 16",Северо-Восточный административный округ,район Отрадное,37.67062283240562,55.59849203550934,Библиотека
124,"город Москва, улица Римского-Корсакова, дом 16",Северо-Восточный административный округ,район Отрадное,37.715997056748,55.819621345023,Библиотека
125,"город Москва, улица Римского-Корсакова, дом 16",Северо-Восточный административный округ,район Отрадное,37.811929716856,55.789142178529,Библиотека
126,"город Москва, улица Римского-Корсакова, дом 16",Северо-Восточный административный округ,район Отрадное,37.477696074548,55.56999062775,Библиотека
127,"город Москва, улица Римского-Корсакова, дом 16",Северо-Восточный административный округ,район Отрадное,37.796236287368,55.814218191016,Библиотека
128,"город Москва, улица Римского-Корсакова, дом 16",Северо-Восточный административный округ,район Отрадное,37.602437208661,55.781383274934,Библиотека
129,"город Москва, улица Римского-Корсакова, дом 16",Северо-Восточный административный округ,район Отрадное,37.494811538157,55.681119174588,Библиотека
130,"город Москва, улица Римского-Корсакова, дом 16",Северо-Восточный административный округ,район Отрадное,37.179640342854,55.984984860466,Библиотека
131,"город Москва, улица Римского-Корсакова, дом 16",Северо-Восточный административный округ,район Отрадное,37.576428155472,55.794215033511,Библиотека
132,"город Москва, улица Римского-Корсакова, дом 16",Северо-Восточный административный округ,район Отрадное,37.493699322615,55.874581825416,Библиотека
133,"город Москва, улица Римского-Корсакова, дом 16",Северо-Восточный административный округ,район Отрадное,37.705917715993,55.617349334364,Библиотека
134,"город Москва, улица Римского-Корсакова, дом 16",Северо-Восточный административный округ,район Отрадное,37.576278353989,55.649764870864,Библиотека
135,"город Москва, улица Римского-Корсакова, дом 16",Северо-Восточный административный округ,район Отрадное,37.751648350704,55.735658728885,Библиотека
136,"город Москва, улица Римского-Корсакова, дом 16",Северо-Восточный административный округ,район Отрадное,37.76965724666628,55.79811183687297,Библиотека
137,"город Москва, улица Римского-Корсакова, дом 16",Северо-Восточный административный округ,район Отрадное,37.528853024088,55.648908655467,Библиотека
138,"город Москва, улица Римского-Корсакова, дом 16",Северо-Восточный административный округ,район Отрадное,37.345774539391,55.601857508818,Библиотека
139,"город Москва, улица Римского-Корсакова, дом 16",Северо-Восточный административный округ,район Отрадное,37.744191755547,55.603952062211,Библиотека
140,"город Москва, улица Римского-Корсакова, дом 16",Северо-Восточный административный округ,район Отрадное,37.512134078080486,55.722465626157515,Библиотека
141,"город Москва, улица Римского-Корсакова, дом 16",Северо-Восточный административный округ,район Отрадное,37.573442178761,55.578687847787,Библиотека
142,"город Москва, улица Римского-Корсакова, дом 16",Северо-Восточный административный округ,район Отрадное,37.774318019782,55.727239185654,Библиотека
143,"город Москва, улица Римского-Корсакова, дом 16",Северо-Восточный административный округ,район Отрадное,37.607163463541,55.589749826127,Библиотека
144,"город Москва, улица Римского-Корсакова, дом 16",Северо-Восточный административный округ,район Отрадное,37.619543284438,55.607225743141,Библиотека
145,"город Москва, улица Римского-Корсакова, дом 16",Северо-Восточный административный округ,район Отрадное,37.600310837053,55.676369668674,Библиотека
146,"город Москва, улица Римского-Корсакова, дом 16",Северо-Восточный административный округ,район Отрадное,37.454175968409,55.683661692159,Библиотека
147,"город Москва, улица Римского-Корсакова, дом 16",Северо-Восточный административный округ,район Отрадное,37.434484098924,55.851062620209,Библиотека
148,"город Москва, улица Римского-Корсакова, дом 16",Северо-Восточный административный округ,район Отрадное,37.570629180203,55.85876154682,Библиотека
149,"город Москва, улица Римского-Корсакова, дом 16",Северо-Восточный административный округ,район Отрадное,37.730029983995,55.797875724836,Библиотека
150,"город Москва, улица Римского-Корсакова, дом 16",Северо-Восточный административный округ,район Отрадное,37.647393389819,55.815187746137,Библиотека
151,"город Москва, улица Римского-Корсакова, дом 16",Северо-Восточный административный округ,район Отрадное,37.583290881583,55.503632587241,Библиотека
152,"город Москва, улица Римского-Корсакова, дом 16",Северо-Восточный административный округ,район Отрадное,37.756889456452,55.827729204352,Библиотека
153,"город Москва, улица Римского-Корсакова, дом 16",Северо-Восточный административный округ,район Отрадное,37.407641492848,55.732774990003,Библиотека
154,"город Москва, улица Римского-Корсакова, дом 16",Северо-Восточный административный округ,район Отрадное,37.74123636413,55.633618022067,Библиотека
155,"город Москва, улица Римского-Корсакова, дом 16",Северо-Восточный административный округ,район Отрадное,37.533092536758,55.882599914694,Библиотека
156,"город Москва, улица Римского-Корсакова, дом 16",Северо-Восточный административный округ,район Отрадное,37.59407451873,55.774424895406,Библиотека
157,"город Москва, улица Римского-Корсакова, дом 16",Северо-Восточный административный округ,район Отрадное,37.557402548155,55.783232312624,Библиотека
158,"город Москва, улица Римского-Корсакова, дом 16",Северо-Восточный административный округ,район Отрадное,37.446882368479,55.846320758438,Библиотека
159,"город Москва, улица Римского-Корсакова, дом 16",Северо-Восточный административный округ,район Отрадное,37.419781474708024,55.85720538460819,Библиотека
160,"город Москва, улица Римского-Корсакова, дом 16",Северо-Восточный административный округ,район Отрадное,37.327489,55.550354,Библиотека
161,"город Москва, улица Римского-Корсакова, дом 16",Северо-Восточный административный округ,район Отрадное,37.803032624065715,55.633310694160436,Библиотека
162,"город Москва, улица Римского-Корсакова, дом 16",Северо-Восточный административный округ,район Отрадное,37.70883254207248,55.73355700250268,Библиотека
163,"город Москва, улица Римского-Корсакова, дом 16",Северо-Восточный административный округ,район Отрадное,37.768016249207,55.740506974397,Библиотека
164,"город Москва, улица Римского-Корсакова, дом 16",Северо-Восточный административный округ,район Отрадное,37.737478852818,55.617296509762,Библиотека
165,"город Москва, улица Римского-Корсакова, дом 16",Северо-Восточный административный округ,район Отрадное,37.34704322057,55.844674408559,Библиотека
166,"город Москва, улица Римского-Корсакова, дом 16",Северо-Восточный административный округ,район Отрадное,37.800045459502,55.747076846594,Библиотека
167,"город Москва, улица Римского-Корсакова, дом 16",Северо-Восточный административный округ,район Отрадное,37.522870170236,55.835374563793,Библиотека
168,"город Москва, улица Римского-Корсакова, дом 16",Северо-Восточный административный округ,район Отрадное,37.667857177164045,55.57594287582069,Библиотека
169,"город Москва, улица Римского-Корсакова, дом 16",Северо-Восточный административный округ,район Отрадное,37.484326097346,55.795470761868,Библиотека
170,"город Москва, улица Римского-Корсакова, дом 16",Северо-Восточный административный округ,район Отрадное,37.522586574015,55.753623176749,Библиотека
171,"город Москва, улица Римского-Корсакова, дом 16",Северо-Восточный административный округ,район Отрадное,37.580852251185,55.74355171203,Библиотека
172,"город Москва, улица Римского-Корсакова, дом 16",Северо-Восточный административный округ,район Отрадное,37.636159203608,55.875371341377,Библиотека
173,"город Москва, улица Римского-Корсакова, дом 16",Северо-Восточный административный округ,район Отрадное,37.813418324435,55.702549345353,Библиотека
174,"город Москва, улица Римского-Корсакова, дом 16",Северо-Восточный административный округ,район Отрадное,37.410071773876,55.807932007366,Библиотека
175,"город Москва, улица Римского-Корсакова, дом 16",Северо-Восточный административный округ,район Отрадное,37.557623876665,55.745716390901,Библиотека
176,"город Москва, улица Римского-Корсакова, дом 16",Северо-Восточный административный округ,район Отрадное,37.700949802328,55.878813136814,Библиотека
177,"город Москва, улица Римского-Корсакова, дом 16",Северо-Восточный административный округ,район Отрадное,37.511162512026,55.638785544482,Библиотека
178,"город Москва, улица Римского-Корсакова, дом 16",Северо-Восточный административный округ,район Отрадное,37.461751323801,55.807069168826,Библиотека
179,"город Москва, улица Римского-Корсакова, дом 16",Северо-Восточный административный округ,район Отрадное,37.706019868003,55.659449194931,Библиотека
180,"город Москва, улица Римского-Корсакова, дом 16",Северо-Восточный административный округ,район Отрадное,37.659070958027,55.62092175584,Библиотека
181,"город Москва, улица Римского-Корсакова, дом 16",Северо-Восточный административный округ,район Отрадное,37.371588473344,55.52246656258,Библиотека
182,"город Москва, улица Римского-Корсакова, дом 16",Северо-Восточный административный округ,район Отрадное,37.396146187077,55.653366893189,Библиотека
183,"город Москва, улица Римского-Корсакова, дом 16",Северо-Восточный административный округ,район Отрадное,37.655399207451,55.681320850194,Библиотека
184,"город Москва, улица Римского-Корсакова, дом 16",Северо-Восточный административный округ,район Отрадное,37.637784749494,55.785688559654,Библиотека
185,"город Москва, улица Римского-Корсакова, дом 16",Северо-Восточный административный округ,район Отрадное,37.460252280208,55.723856992734,Библиотека
186,"город Москва, улица Римского-Корсакова, дом 16",Северо-Восточный административный округ,район Отрадное,37.428826169383,55.858696346968,Библиотека
187,"город Москва, улица Римского-Корсакова, дом 16",Северо-Восточный административный округ,район Отрадное,37.586139542211,55.662862140249,Библиотека
188,"город Москва, улица Римского-Корсакова, дом 16",Северо-Восточный административный округ,район Отрадное,37.750138946847,55.677196765795,Библиотека
189,"город Москва, улица Римского-Корсакова, дом 16",Северо-Восточный административный округ,район Отрадное,37.721573767124,55.733324343337,Библиотека
190,"город Москва, улица Римского-Корсакова, дом 16",Северо-Восточный административный округ,район Отрадное,37.746666770308,55.607102558841,Библиотека
191,"город Москва, улица Римского-Корсакова, дом 16",Северо-Восточный административный округ,район Отрадное,37.819033931625,55.817101785639,Библиотека
192,"город Москва, улица Римского-Корсакова, дом 16",Северо-Восточный административный округ,район Отрадное,37.791549103306,55.806216566705,Библиотека
193,"город Москва, улица Римского-Корсакова, дом 16",Северо-Восточный административный округ,район Отрадное,37.394495245017,55.893200456264,Библиотека
194,"город Москва, улица Римского-Корсакова, дом 16",Северо-Восточный административный округ,район Отрадное,37.581623004843,55.770776192088,Библиотека
195,"город Москва, улица Римского-Корсакова, дом 16",Северо-Восточный административный округ,район Отрадное,37.458976497203,55.815636740513,Библиотека
196,"город Москва, улица Римского-Корсакова, дом 16",Северо-Восточный административный округ,район Отрадное,37.638825567036,55.745093420102,Библиотека
197,"город Москва, улица Римского-Корсакова, дом 16",Северо-Восточный административный округ,район Отрадное,37.501524031754,55.861863241633,Библиотека
198,"город Москва, улица Римского-Корсакова, дом 16",Северо-Восточный административный округ,район Отрадное,37.686353590381,55.686748957774,Библиотека
199,"город Москва, улица Римского-Корсакова, дом 16",Северо-Восточный административный округ,район Отрадное,37.548607568226,55.545986390647,Библиотека
200,"город Москва, улица Римского-Корсакова, дом 16",Северо-Восточный административный округ,район Отрадное,37.488693019736,55.776717140307,Библиотека
201,"город Москва, улица Римского-Корсакова, дом 16",Северо-Восточный административный округ,район Отрадное,37.573604167493,55.687171499835,Библиотека
202,"город Москва, улица Римского-Корсакова, дом 16",Северо-Восточный административный округ,район Отрадное,37.609294857692,55.765643780674,Библиотека
203,"город Москва, улица Римского-Корсакова, дом 16",Северо-Восточный административный округ,район Отрадное,37.487962856449,55.790687180052,Библиотека
204,"город Москва, улица Римского-Корсакова, дом 16",Северо-Восточный административный округ,район Отрадное,37.92182370900016,55.68620001909767,Библиотека
205,"город Москва, улица Римского-Корсакова, дом 16",Северо-Восточный административный округ,район Отрадное,37.644135687058,55.776532215251,Библиотека
206,"город Москва, улица Римского-Корсакова, дом 16",Северо-Восточный административный округ,район Отрадное,37.51173068594,55.785663348885,Библиотека
207,"город Москва, улица Римского-Корсакова, дом 16",Северо-Восточный административный округ,район Отрадное,37.837342842115,55.779256328061,Библиотека
208,"город Москва, улица Римского-Корсакова, дом 16",Северо-Восточный административный округ,район Отрадное,37.826067974437,55.696059528531,Библиотека
209,"город Москва, улица Римского-Корсакова, дом 16",Северо-Восточный административный округ,район Отрадное,37.675207572496,55.626040438443,Библиотека
210,"город Москва, улица Римского-Корсакова, дом 16",Северо-Восточный административный округ,район Отрадное,37.535833716877,55.66995327725,Библиотека
211,"город Москва, улица Римского-Корсакова, дом 16",Северо-Восточный административный округ,район Отрадное,37.455508134243,55.788815695608,Библиотека
212,"город Москва, улица Римского-Корсакова, дом 16",Северо-Восточный административный округ,район Отрадное,37.763039511895,55.654596783299,Библиотека
213,"город Москва, улица Римского-Корсакова, дом 16",Северо-Восточный административный округ,район Отрадное,37.58168473501,55.793673532747,Библиотека
214,"город Москва, улица Римского-Корсакова, дом 16",Северо-Восточный административный округ,район Отрадное,37.654180803989,55.733952191975,Библиотека
215,"город Москва, улица Римского-Корсакова, дом 16",Северо-Восточный административный округ,район Отрадное,37.560775393389,55.858004703002,Библиотека
216,"город Москва, улица Римского-Корсакова, дом 16",Северо-Восточный административный округ,район Отрадное,37.548129172941,55.696378946577,Библиотека
217,"город Москва, улица Римского-Корсакова, дом 16",Северо-Восточный административный округ,район Отрадное,37.81022777046,55.715270014994,Библиотека
218,"город Москва, улица Римского-Корсакова, дом 16",Северо-Восточный административный округ,район Отрадное,37.557841901153,55.758307964656,Библиотека
219,"город Москва, улица Римского-Корсакова, дом 16",Северо-Восточный административный округ,район Отрадное,37.737827013354,55.615353820232,Библиотека
220,"город Москва, улица Римского-Корсакова, дом 16",Северо-Восточный административный округ,район Отрадное,37.711144748152,55.765587950517,Библиотека
221,"город Москва, улица Римского-Корсакова, дом 16",Северо-Восточный административный округ,район Отрадное,37.62084746548,55.818279437488,Библиотека
222,"город Москва, улица Римского-Корсакова, дом 16",Северо-Восточный административный округ,район Отрадное,37.673501750163,55.70352653186,Библиотека
223,"город Москва, улица Римского-Корсакова, дом 16",Северо-Восточный административный округ,район Отрадное,37.516975363596,55.873044292137,Библиотека
224,"город Москва, улица Римского-Корсакова, дом 16",Северо-Восточный административный округ,район Отрадное,37.839089320823,55.757378678042,Библиотека
225,"город Москва, улица Римского-Корсакова, дом 16",Северо-Восточный административный округ,район Отрадное,37.541526529549,55.603241516223,Библиотека
226,"город Москва, улица Римского-Корсакова, дом 16",Северо-Восточный административный округ,район Отрадное,37.606443923467,55.692749184677,Библиотека
227,"город Москва, улица Римского-Корсакова, дом 16",Северо-Восточный административный округ,район Отрадное,37.59878339241,55.616558328671,Библиотека
228,"город Москва, улица Римского-Корсакова, дом 16",Северо-Восточный административный округ,район Отрадное,37.748036617103,55.657962453986,Библиотека
229,"город Москва, улица Римского-Корсакова, дом 16",Северо-Восточный административный округ,район Отрадное,37.599813756481,55.754132765117,Библиотека
230,"город Москва, улица Римского-Корсакова, дом 16",Северо-Восточный административный округ,район Отрадное,37.821628971579,55.723522589572,Библиотека
231,"город Москва, улица Римского-Корсакова, дом 16",Северо-Восточный административный округ,район Отрадное,37.447407646701,55.531735584491,Библиотека
232,"город Москва, улица Римского-Корсакова, дом 16",Северо-Восточный административный округ,район Отрадное,37.525671800249,55.805255464073,Библиотека
233,"город Москва, улица Римского-Корсакова, дом 16",Северо-Восточный административный округ,район Отрадное,37.475923,55.582156,Библиотека
234,"город Москва, улица Римского-Корсакова, дом 16",Северо-Восточный административный округ,район Отрадное,37.585232678728,55.902818025994,Библиотека
235,"город Москва, улица Римского-Корсакова, дом 16",Северо-Восточный административный округ,район Отрадное,37.722753056617734,55.61500997967167,Библиотека
236,"город Москва, улица Римского-Корсакова, дом 16",Северо-Восточный административный округ,район Отрадное,37.524270303353,55.806720999745,Библиотека
237,"город Москва, улица Римского-Корсакова, дом 16",Северо-Восточный административный округ,район Отрадное,37.81559381695251,55.74986225288363,Библиотека
238,"город Москва, улица Римского-Корсакова, дом 16",Северо-Восточный административный округ,район Отрадное,37.525412610175,55.678039098829,Библиотека
239,"город Москва, улица Римского-Корсакова, дом 16",Северо-Восточный административный округ,район Отрадное,37.33249598317,55.502600719188,Библиотека
240,"город Москва, улица Римского-Корсакова, дом 16",Северо-Восточный административный округ,район Отрадное,37.258388,55.635379,Библиотека
241,"город Москва, улица Римского-Корсакова, дом 16",Северо-Восточный административный округ,район Отрадное,37.67916115479855,55.75602339357582,Библиотека
242,"город Москва, улица Римского-Корсакова, дом 16",Северо-Восточный административный округ,район Отрадное,37.497187245329,55.747595470666,Библиотека
243,"город Москва, улица Римского-Корсакова, дом 16",Северо-Восточный административный округ,район Отрадное,37.664512193432,55.782076942569,Библиотека
244,"город Москва, улица Римского-Корсакова, дом 16",Северо-Восточный административный округ,район Отрадное,37.495866724495,55.738607316811,Библиотека
245,"город Москва, улица Римского-Корсакова, дом 16",Северо-Восточный административный округ,район Отрадное,37.472461898769716,55.62254587057132,Библиотека
246,"город Москва, улица Римского-Корсакова, дом 16",Северо-Восточный административный округ,район Отрадное,37.79003819047,55.713595735059,Библиотека
247,"город Москва, улица Римского-Корсакова, дом 16",Северо-Восточный административный округ,район Отрадное,37.73611329062407,55.77302515683209,Библиотека
248,"город Москва, улица Римского-Корсакова, дом 16",Северо-Восточный административный округ,район Отрадное,37.694276657777,55.639852715642,Библиотека
249,"город Москва, улица Римского-Корсакова, дом 16",Северо-Восточный административный округ,район Отрадное,37.531327507898,55.775956274641,Библиотека
250,"город Москва, улица Римского-Корсакова, дом 16",Северо-Восточный административный округ,район Отрадное,37.55941429956508,55.651304255121346,Библиотека
251,"город Москва, улица Римского-Корсакова, дом 16",Северо-Восточный административный округ,район Отрадное,37.46391211273,55.866139537636,Библиотека
252,"город Москва, улица Римского-Корсакова, дом 16",Северо-Восточный административный округ,район Отрадное,37.69849704514228,55.75722700412177,Библиотека
253,"город Москва, улица Римского-Корсакова, дом 16",Северо-Восточный административный округ,район Отрадное,37.571274589312,55.824340472259,Библиотека
254,"город Москва, улица Римского-Корсакова, дом 16",Северо-Восточный административный округ,район Отрадное,37.488981891419,55.627564617111,Библиотека
255,"город Москва, улица Римского-Корсакова, дом 16",Северо-Восточный административный округ,район Отрадное,37.159717857503,55.98694240561,Библиотека
256,"город Москва, улица Римского-Корсакова, дом 16",Северо-Восточный административный округ,район Отрадное,37.74238974564094,55.71534588895192,Библиотека
257,"город Москва, улица Римского-Корсакова, дом 16",Северо-Восточный административный округ,район Отрадное,37.433804012124,55.862384522529,Библиотека
258,"город Москва, улица Римского-Корсакова, дом 16",Северо-Восточный административный округ,район Отрадное,37.639152219143,55.680042730011,Библиотека
259,"город Москва, улица Римского-Корсакова, дом 16",Северо-Восточный административный округ,район Отрадное,37.823721782832,55.751326654743,Библиотека
260,"город Москва, улица Римского-Корсакова, дом 16",Северо-Восточный административный округ,район Отрадное,37.661641409776,55.674097792939,Библиотека
261,"город Москва, улица Римского-Корсакова, дом 16",Северо-Восточный административный округ,район Отрадное,37.45335751477,55.845742755772,Библиотека
262,"город Москва, улица Римского-Корсакова, дом 16",Северо-Восточный административный округ,район Отрадное,37.419455337841,55.835206868519,Библиотека
263,"город Москва, улица Римского-Корсакова, дом 16",Северо-Восточный административный округ,район Отрадное,37.47432261687,55.784459603546,Библиотека
264,"город Москва, улица Римского-Корсакова, дом 16",Северо-Восточный административный округ,район Отрадное,37.386651688322,55.843426754909,Библиотека
265,"город Москва, улица Римского-Корсакова, дом 16",Северо-Восточный административный округ,район Отрадное,37.567173778933,55.567775936856,Библиотека
266,"город Москва, улица Римского-Корсакова, дом 16",Северо-Восточный административный округ,район Отрадное,37.492948896009,55.788300029464,Библиотека
267,"город Москва, улица Римского-Корсакова, дом 16",Северо-Восточный административный округ,район Отрадное,37.552314575222,55.937649282162,Библиотека
268,"город Москва, улица Римского-Корсакова, дом 16",Северо-Восточный административный округ,район Отрадное,37.73893595785865,55.781799686682604,Библиотека
269,"город Москва, улица Римского-Корсакова, дом 16",Северо-Восточный административный округ,район Отрадное,37.458549746834,55.679821439603,Библиотека
270,"город Москва, улица Римского-Корсакова, дом 16",Северо-Восточный административный округ,район Отрадное,37.452950368567,55.715998755833,Библиотека
271,"город Москва, улица Римского-Корсакова, дом 16",Северо-Восточный административный округ,район Отрадное,37.557251381386,55.730035178429,Библиотека
272,"город Москва, улица Римского-Корсакова, дом 16",Северо-Восточный административный округ,район Отрадное,37.50174619873269,55.800055932257834,Библиотека
273,"город Москва, улица Римского-Корсакова, дом 16",Северо-Восточный административный округ,район Отрадное,37.715831459289,55.767270372324,Библиотека
274,"город Москва, улица Римского-Корсакова, дом 16",Северо-Восточный административный округ,район Отрадное,37.4927110081963,55.77359302758474,Библиотека
275,"город Москва, улица Римского-Корсакова, дом 16",Северо-Восточный административный округ,район Отрадное,37.734233010836,55.78632510128,Библиотека
276,"город Москва, улица Римского-Корсакова, дом 16",Северо-Восточный административный округ,район Отрадное,37.571990324371,55.877464375854,Библиотека
277,"город Москва, улица Римского-Корсакова, дом 16",Северо-Восточный административный округ,район Отрадное,37.702666732102,55.760827034319,Библиотека
278,"город Москва, улица Римского-Корсакова, дом 16",Северо-Восточный административный округ,район Отрадное,37.353305018336,55.829447731711,Библиотека
279,"город Москва, улица Римского-Корсакова, дом 16",Северо-Восточный административный округ,район Отрадное,37.831927430282,55.768123537995,Библиотека
280,"город Москва, улица Римского-Корсакова, дом 16",Северо-Восточный административный округ,район Отрадное,37.202924940513,56.003088365313,Библиотека
281,"город Москва, улица Римского-Корсакова, дом 16",Северо-Восточный административный округ,район Отрадное,37.761282629837,55.657918571374,Библиотека
282,"город Москва, улица Римского-Корсакова, дом 16",Северо-Восточный административный округ,район Отрадное,37.572584273617,55.680455511991,Библиотека
283,"город Москва, улица Римского-Корсакова, дом 16",Северо-Восточный административный округ,район Отрадное,37.352211,55.575929,Библиотека
284,"город Москва, улица Римского-Корсакова, дом 16",Северо-Восточный административный округ,район Отрадное,37.479609507225,55.632971632145,Библиотека
285,"город Москва, улица Римского-Корсакова, дом 16",Северо-Восточный административный округ,район Отрадное,37.634036370928,55.76480359071,Библиотека
286,"город Москва, улица Римского-Корсакова, дом 16",Северо-Восточный административный округ,район Отрадное,37.545785562426,55.797628957973,Библиотека
287,"город Москва, улица Римского-Корсакова, дом 16",Северо-Восточный административный округ,район Отрадное,37.208869530256,56.000501647117,Библиотека
288,"город Москва, улица Римского-Корсакова, дом 16",Северо-Восточный административный округ,район Отрадное,37.498380705657,55.846092209371,Библиотека
289,"город Москва, улица Римского-Корсакова, дом 16",Северо-Восточный административный округ,район Отрадное,37.635345988986,55.858719915469,Библиотека
290,"город Москва, улица Римского-Корсакова, дом 16",Северо-Восточный административный округ,район Отрадное,37.4672384229,55.661155494333,Библиотека
291,"город Москва, улица Римского-Корсакова, дом 16",Северо-Восточный административный округ,район Отрадное,37.469551354534204,55.73432572525303,Библиотека
292,"город Москва, улица Римского-Корсакова, дом 16",Северо-Восточный административный округ,район Отрадное,37.576119870302,55.718285676255,Библиотека
293,"город Москва, улица Римского-Корсакова, дом 16",Северо-Восточный административный округ,район Отрадное,37.755089630009046,55.74311092156335,Библиотека
294,"город Москва, улица Римского-Корсакова, дом 16",Северо-Восточный административный округ,район Отрадное,37.678150061103,55.890175122514,Библиотека
295,"город Москва, улица Римского-Корсакова, дом 16",Северо-Восточный административный округ,район Отрадное,37.675910996799,55.788923376009,Библиотека
296,"город Москва, улица Римского-Корсакова, дом 16",Северо-Восточный административный округ,район Отрадное,37.657250487861,55.595461914883,Библиотека
297,"город Москва, улица Римского-Корсакова, дом 16",Северо-Восточный административный округ,район Отрадное,37.585945947818,55.690361755419,Библиотека
298,"город Москва, улица Римского-Корсакова, дом 16",Северо-Восточный административный округ,район Отрадное,37.35703287273,55.784368896545,Библиотека
299,"город Москва, улица Римского-Корсакова, дом 16",Северо-Восточный административный округ,район Отрадное,37.895479207917,55.722939511868,Библиотека
300,"город Москва, улица Римского-Корсакова, дом 16",Северо-Восточный административный округ,район Отрадное,37.661484016867,55.74947786798,Библиотека
301,"город Москва, улица Римского-Корсакова, дом 16",Северо-Восточный административный округ,район Отрадное,37.188828653865,55.995969685127,Библиотека
302,"город Москва, улица Римского-Корсакова, дом 16",Северо-Восточный административный округ,район Отрадное,37.71525640362253,55.64790884985734,Библиотека
303,"город Москва, улица Римского-Корсакова, дом 16",Северо-Восточный административный округ,район Отрадное,37.759501447745,55.711444568878,Библиотека
304,"город Москва, улица Римского-Корсакова, дом 16",Северо-Восточный административный округ,район Отрадное,37.649770496205,55.581676579406,Библиотека
305,"город Москва, улица Римского-Корсакова, дом 16",Северо-Восточный административный округ,район Отрадное,37.518510256538,55.657441388607,Библиотека
306,"город Москва, улица Римского-Корсакова, дом 16",Северо-Восточный административный округ,район Отрадное,37.661488527518,55.82251575998,Библиотека
307,"город Москва, улица Римского-Корсакова, дом 16",Северо-Восточный административный округ,район Отрадное,37.682105049708,55.852262138001,Библиотека
308,"город Москва, улица Римского-Корсакова, дом 16",Северо-Восточный административный округ,район Отрадное,37.744206565375,55.68383653047729,Библиотека
309,"город Москва, улица Римского-Корсакова, дом 16",Северо-Восточный административный округ,район Отрадное,37.671011958996,55.78810636437,Библиотека
310,"город Москва, улица Римского-Корсакова, дом 16",Северо-Восточный административный округ,район Отрадное,37.731216743363916,55.7139353476093,Библиотека
311,"город Москва, улица Римского-Корсакова, дом 16",Северо-Восточный административный округ,район Отрадное,37.783079612792,55.79591234873,Библиотека
312,"город Москва, улица Римского-Корсакова, дом 16",Северо-Восточный административный округ,район Отрадное,37.610783485841,55.894695362194,Библиотека
313,"город Москва, улица Римского-Корсакова, дом 16",Северо-Восточный административный округ,район Отрадное,37.629506036864,55.718472678644,Библиотека
314,"город Москва, улица Римского-Корсакова, дом 16",Северо-Восточный административный округ,район Отрадное,37.530292920446,55.604466149807,Библиотека
315,"город Москва, улица Римского-Корсакова, дом 16",Северо-Восточный административный округ,район Отрадное,37.470932335603,55.706436552916,Библиотека
316,"город Москва, улица Римского-Корсакова, дом 16",Северо-Восточный административный округ,район Отрадное,37.544322020152,55.74408656551,Библиотека
317,"город Москва, улица Римского-Корсакова, дом 16",Северо-Восточный административный округ,район Отрадное,37.481690155321,55.684767996279,Библиотека
318,"город Москва, улица Римского-Корсакова, дом 16",Северо-Восточный административный округ,район Отрадное,37.636540114341,55.726241728832,Библиотека
319,"город Москва, улица Римского-Корсакова, дом 16",Северо-Восточный административный округ,район Отрадное,37.484197048606,55.790987219025,Библиотека
320,"город Москва, улица Римского-Корсакова, дом 16",Северо-Восточный административный округ,район Отрадное,37.35325672899967,55.84860352640413,Библиотека
321,"город Москва, улица Римского-Корсакова, дом 16",Северо-Восточный административный округ,район Отрадное,37.67989493698,55.743081789915,Библиотека
322,"город Москва, улица Римского-Корсакова, дом 16",Северо-Восточный административный округ,район Отрадное,37.647109391782,55.760133052825,Библиотека
323,"город Москва, улица Римского-Корсакова, дом 16",Северо-Восточный административный округ,район Отрадное,37.582523069365,55.752889919014,Библиотека
324,"город Москва, улица Римского-Корсакова, дом 16",Северо-Восточный административный округ,район Отрадное,37.488693,55.776717,Библиотека
325,"город Москва, улица Римского-Корсакова, дом 16",Северо-Восточный административный округ,район Отрадное,37.58954572917,55.765605173546,Библиотека
326,"город Москва, улица Римского-Корсакова, дом 16",Северо-Восточный административный округ,район Отрадное,37.678602021406,55.767126297374,Библиотека
327,"город Москва, улица Римского-Корсакова, дом 16",Северо-Восточный административный округ,район Отрадное,37.580852251185,55.74355171203,Библиотека
328,"город Москва, улица Римского-Корсакова, дом 16",Северо-Восточный административный округ,район Отрадное,37.536891239759,55.758419589084,Библиотека
329,"город Москва, улица Римского-Корсакова, дом 16",Северо-Восточный административный округ,район Отрадное,37.651137395594,55.754799076964,Библиотека
330,"город Москва, улица Римского-Корсакова, дом 16",Северо-Восточный административный округ,район Отрадное,37.562524098297,55.869281050931,Библиотека
331,"город Москва, улица Римского-Корсакова, дом 16",Северо-Восточный административный округ,район Отрадное,37.676112805065,55.76802782714,Библиотека
332,"город Москва, улица Римского-Корсакова, дом 16",Северо-Восточный административный округ,район Отрадное,37.615334253511,55.795750098808,Библиотека
333,"город Москва, улица Римского-Корсакова, дом 16",Северо-Восточный административный округ,район Отрадное,37.607970386686,55.669714551431,Библиотека
334,"город Москва, улица Римского-Корсакова, дом 16",Северо-Восточный административный округ,район Отрадное,37.457308922447,55.830726891121,Библиотека
335,"город Москва, улица Римского-Корсакова, дом 16",Северо-Восточный административный округ,район Отрадное,37.585925677253,55.604557277905,Библиотека
336,"город Москва, улица Римского-Корсакова, дом 16",Северо-Восточный административный округ,район Отрадное,37.668619999631,55.707396076391,Библиотека
337,"город Москва, улица Римского-Корсакова, дом 16",Северо-Восточный административный округ,район Отрадное,37.844226857851,55.698085304065,Библиотека
338,"город Москва, улица Римского-Корсакова, дом 16",Северо-Восточный административный округ,район Отрадное,37.776666103338,55.75826047001,Библиотека
339,"город Москва, улица Римского-Корсакова, дом 16",Северо-Восточный административный округ,район Отрадное,37.41050904133,55.648965088176,Библиотека
340,"город Москва, улица Римского-Корсакова, дом 16",Северо-Восточный административный округ,район Отрадное,37.410677670654,55.764995522143,Библиотека
341,"город Москва, улица Римского-Корсакова, дом 16",Северо-Восточный административный округ,район Отрадное,37.538160919689,55.638690097546,Библиотека
342,"город Москва, улица Римского-Корсакова, дом 16",Северо-Восточный административный округ,район Отрадное,37.562302162635,55.544234840196,Библиотека
343,"город Москва, улица Римского-Корсакова, дом 16",Северо-Восточный административный округ,район Отрадное,37.592723567608,55.674989714064,Библиотека
344,"город Москва, улица Римского-Корсакова, дом 16",Северо-Восточный административный округ,район Отрадное,37.535209283819,55.689834922993,Библиотека
345,"город Москва, улица Римского-Корсакова, дом 16",Северо-Восточный административный округ,район Отрадное,37.870092764317,55.741887953343,Библиотека
346,"город Москва, улица Римского-Корсакова, дом 16",Северо-Восточный административный округ,район Отрадное,37.853719757285525,55.73783029360118,Библиотека
347,"город Москва, улица Римского-Корсакова, дом 16",Северо-Восточный административный округ,район Отрадное,37.7148597360346,55.75084035627754,Библиотека
348,"город Москва, улица Римского-Корсакова, дом 16",Северо-Восточный административный округ,район Отрадное,37.827909296267,55.803665734692,Библиотека
349,"город Москва, улица Римского-Корсакова, дом 16",Северо-Восточный административный округ,район Отрадное,37.812070348998,55.794731746848,Библиотека
350,"город Москва, улица Римского-Корсакова, дом 16",Северо-Восточный административный округ,район Отрадное,37.805138934101,55.794510112143,Библиотека
351,"город Москва, улица Римского-Корсакова, дом 16",Северо-Восточный административный округ,район Отрадное,37.603693250839,55.645830796546,Библиотека
352,"город Москва, улица Римского-Корсакова, дом 16",Северо-Восточный административный округ,район Отрадное,37.819456869420144,55.82382049139138,Библиотека
353,"город Москва, улица Римского-Корсакова, дом 16",Северо-Восточный административный округ,район Отрадное,37.624846098741,55.890718477456,Библиотека
354,"город Москва, улица Римского-Корсакова, дом 16",Северо-Восточный административный округ,район Отрадное,37.608022138794,55.717544558123,Библиотека
355,"город Москва, улица Римского-Корсакова, дом 16",Северо-Восточный административный округ,район Отрадное,37.480841762109,55.844057748598,Библиотека
356,"город Москва, улица Римского-Корсакова, дом 16",Северо-Восточный административный округ,район Отрадное,37.714827099985,55.601108350898,Библиотека
357,"город Москва, улица Римского-Корсакова, дом 16",Северо-Восточный административный округ,район Отрадное,37.369331418982,55.640436135005,Библиотека
358,"город Москва, улица Римского-Корсакова, дом 16",Северо-Восточный административный округ,район Отрадное,37.67198894590065,55.771795660228904,Библиотека
359,"город Москва, улица Римского-Корсакова, дом 16",Северо-Восточный административный округ,район Отрадное,37.437767,55.719438999999994,Библиотека
360,"город Москва, улица Римского-Корсакова, дом 16",Северо-Восточный административный округ,район Отрадное,37.516355297564104,55.73753996749639,Библиотека
361,"город Москва, улица Римского-Корсакова, дом 16",Северо-Восточный административный округ,район Отрадное,37.635464592447,55.817860400873,Библиотека
362,"город Москва, улица Римского-Корсакова, дом 16",Северо-Восточный административный округ,район Отрадное,37.577868844943,55.828537117594,Библиотека
363,"город Москва, улица Римского-Корсакова, дом 16",Северо-Восточный административный округ,район Отрадное,37.666759044383,55.836474712658,Библиотека
364,"город Москва, улица Римского-Корсакова, дом 16",Северо-Восточный административный округ,район Отрадное,37.691290174085,55.87018592039,Библиотека
365,"город Москва, улица Римского-Корсакова, дом 16",Северо-Восточный административный округ,район Отрадное,37.640348291024566,55.83601334093453,Библиотека
366,"город Москва, улица Римского-Корсакова, дом 16",Северо-Восточный административный округ,район Отрадное,37.66086016334,55.888212043614,Библиотека
367,"город Москва, улица Римского-Корсакова, дом 16",Северо-Восточный административный округ,район Отрадное,37.523210612002,55.667656572424,Библиотека
368,"город Москва, улица Римского-Корсакова, дом 16",Северо-Восточный административный округ,район Отрадное,37.592391887576,55.749545042058,Библиотека
369,"город Москва, улица Арбат, дом 55/32",Центральный административный округ,район Арбат,37.585420572668,55.747118989604,Музей
370,"город Москва, улица Арбат, дом 55/32",Центральный административный округ,район Арбат,37.6171934578,55.75631861987,Музей
371,"город Москва, улица Арбат, дом 55/32",Центральный административный округ,район Арбат,37.615356683065,55.763443705094,Музей
372,"город Москва, улица Арбат, дом 55/32",Центральный административный округ,район Арбат,37.639747037724,55.822748078165,Музей
373,"город Москва, улица Арбат, дом 55/32",Центральный административный округ,район Арбат,37.795348503915,55.796048719571,Музей
374,"город Москва, улица Арбат, дом 55/32",Центральный административный округ,район Арбат,37.598540023094,55.743848283466,Музей
375,"город Москва, улица Арбат, дом 55/32",Центральный административный округ,район Арбат,37.813427488205,55.749940049123,Музей
376,"город Москва, улица Арбат, дом 55/32",Центральный административный округ,район Арбат,37.612317827447,55.753459057074,Музей
377,"город Москва, улица Арбат, дом 55/32",Центральный административный округ,район Арбат,37.631964820466,55.823269595628,Музей
378,"город Москва, улица Арбат, дом 55/32",Центральный административный округ,район Арбат,37.622782216982,55.733408760314,Музей
379,"город Москва, улица Арбат, дом 55/32",Центральный административный округ,район Арбат,37.571517362667,55.764370791928,Музей
380,"город Москва, улица Арбат, дом 55/32",Центральный административный округ,район Арбат,37.597230855365,55.746589123299,Музей
381,"город Москва, улица Арбат, дом 55/32",Центральный административный округ,район Арбат,37.607949598456,55.74916542681,Музей
382,"город Москва, улица Арбат, дом 55/32",Центральный административный округ,район Арбат,37.630749800025,55.726612529121,Музей
383,"город Москва, улица Арбат, дом 55/32",Центральный административный округ,район Арбат,37.788760192608,55.693935496841,Музей
384,"город Москва, улица Арбат, дом 55/32",Центральный административный округ,район Арбат,37.668971668368,55.769043459736,Музей
385,"город Москва, улица Арбат, дом 55/32",Центральный административный округ,район Арбат,37.634390273946,55.769012652552,Музей
386,"город Москва, улица Арбат, дом 55/32",Центральный административный округ,район Арбат,37.585378462294,55.7473771928,Музей
387,"город Москва, улица Арбат, дом 55/32",Центральный административный округ,район Арбат,37.710756441392,55.769650548371,Музей
388,"город Москва, улица Арбат, дом 55/32",Центральный административный округ,район Арбат,37.61538223612,55.759384780473,Музей
389,"город Москва, улица Арбат, дом 55/32",Центральный административный округ,район Арбат,37.632597677902,55.775052386179,Музей
390,"город Москва, улица Арбат, дом 55/32",Центральный административный округ,район Арбат,37.171654576867,55.986404892434,Музей
391,"город Москва, улица Арбат, дом 55/32",Центральный административный округ,район Арбат,37.626935890318,55.752344937065,Музей
392,"город Москва, улица Арбат, дом 55/32",Центральный административный округ,район Арбат,37.65155548522307,55.7446134690902,Музей
393,"город Москва, улица Арбат, дом 55/32",Центральный административный округ,район Арбат,37.607466654328,55.763760096614,Музей
394,"город Москва, улица Арбат, дом 55/32",Центральный административный округ,район Арбат,37.61210646167,55.744105911766,Музей
395,"город Москва, улица Арбат, дом 55/32",Центральный административный округ,район Арбат,37.625642,55.753908,Музей
396,"город Москва, улица Арбат, дом 55/32",Центральный административный округ,район Арбат,37.604032738155,55.771679523825,Музей
397,"город Москва, улица Арбат, дом 55/32",Центральный административный округ,район Арбат,37.467240369023,55.676246763941,Музей
398,"город Москва, улица Арбат, дом 55/32",Центральный административный округ,район Арбат,37.614739606605,55.824957408427,Музей
399,"город Москва, улица Арбат, дом 55/32",Центральный административный округ,район Арбат,37.594856741553,55.77210927926,Музей
400,"город Москва, улица Арбат, дом 55/32",Центральный административный округ,район Арбат,37.625221028328,55.754475589804,Музей
401,"город Москва, улица Арбат, дом 55/32",Центральный административный округ,район Арбат,37.763398278096,55.792631224089,Музей
402,"город Москва, улица Арбат, дом 55/32",Центральный административный округ,район Арбат,37.607543136797,55.746617891318,Музей
403,"город Москва, улица Арбат, дом 55/32",Центральный административный округ,район Арбат,37.811521229436,55.737325259304,Музей
404,"город Москва, улица Арбат, дом 55/32",Центральный административный округ,район Арбат,37.596030543318,55.749512092977,Музей
405,"город Москва, улица Арбат, дом 55/32",Центральный административный округ,район Арбат,37.561452128058,55.690623721103,Музей
406,"город Москва, улица Арбат, дом 55/32",Центральный административный округ,район Арбат,37.585873716747,55.747562670748,Музей
407,"город Москва, улица Арбат, дом 55/32",Центральный административный округ,район Арбат,37.575964304716,55.76634737818,Музей
408,"город Москва, улица Арбат, дом 55/32",Центральный административный округ,район Арбат,37.59612117790986,55.73875839654767,Музей
409,"город Москва, улица Арбат, дом 55/32",Центральный административный округ,район Арбат,37.595010593303,55.733112037627,Музей
410,"город Москва, улица Арбат, дом 55/32",Центральный административный округ,район Арбат,37.59852203549,55.741634573016,Музей
411,"город Москва, улица Арбат, дом 55/32",Центральный административный округ,район Арбат,37.609134431877024,55.764050954452216,Музей
412,"город Москва, улица Арбат, дом 55/32",Центральный административный округ,район Арбат,37.589496364418025,55.75066592091969,Музей
413,"город Москва, улица Арбат, дом 55/32",Центральный административный округ,район Арбат,37.576624092287,55.764598015486,Музей
414,"город Москва, улица Арбат, дом 55/32",Центральный административный округ,район Арбат,37.593416872095,55.736281449294,Музей
415,"город Москва, улица Арбат, дом 55/32",Центральный административный округ,район Арбат,37.68952691638,55.615243377526,Музей
416,"город Москва, улица Арбат, дом 55/32",Центральный административный округ,район Арбат,37.810006453991,55.688646360919,Музей
417,"город Москва, улица Арбат, дом 55/32",Центральный административный округ,район Арбат,37.767555131913,55.695587550722,Музей
418,"город Москва, улица Арбат, дом 55/32",Центральный административный округ,район Арбат,37.793427177909116,55.690032483652985,Музей
419,"город Москва, улица Арбат, дом 55/32",Центральный административный округ,район Арбат,37.567000192524,55.762519817564,Музей
420,"город Москва, улица Арбат, дом 55/32",Центральный административный округ,район Арбат,37.590012,55.753960000000006,Музей
421,"город Москва, улица Арбат, дом 55/32",Центральный административный округ,район Арбат,37.743097686047,55.688402017379,Музей
422,"город Москва, улица Арбат, дом 55/32",Центральный административный округ,район Арбат,37.665199652776,55.672135646942,Музей
423,"город Москва, улица Арбат, дом 55/32",Центральный административный округ,район Арбат,37.523108040062,55.73976563792,Музей
424,"город Москва, улица Гарибальди, дом 23, корпус 4",Юго-Западный административный округ,район Черёмушки,37.555140022197,55.67269794682,Театр
425,"город Москва, улица Гарибальди, дом 23, корпус 4",Юго-Западный административный округ,район Черёмушки,37.68728026576,55.791257354899,Театр
426,"город Москва, улица Гарибальди, дом 23, корпус 4",Юго-Западный административный округ,район Черёмушки,37.60884544998,55.770164947687,Театр
427,"город Москва, улица Гарибальди, дом 23, корпус 4",Юго-Западный административный округ,район Черёмушки,37.626630786434,55.719446572858,Театр
428,"город Москва, улица Гарибальди, дом 23, корпус 4",Юго-Западный административный округ,район Черёмушки,37.630711513921,55.772533981179,Театр
429,"город Москва, улица Гарибальди, дом 23, корпус 4",Юго-Западный административный округ,район Черёмушки,37.598774805137,55.813813960365,Театр
430,"город Москва, улица Гарибальди, дом 23, корпус 4",Юго-Западный административный округ,район Черёмушки,37.595452877484,55.768399343101,Театр
431,"город Москва, улица Гарибальди, дом 23, корпус 4",Юго-Западный административный округ,район Черёмушки,37.595336629019,55.76564281334,Театр
432,"город Москва, улица Гарибальди, дом 23, корпус 4",Юго-Западный административный округ,район Черёмушки,37.62700123531,55.733246031709,Театр
433,"город Москва, улица Гарибальди, дом 23, корпус 4",Юго-Западный административный округ,район Черёмушки,37.621033372209,55.779038032543,Театр
434,"город Москва, улица Гарибальди, дом 23, корпус 4",Юго-Западный административный округ,район Черёмушки,37.612075432601,55.757683697853,Театр
435,"город Москва, улица Гарибальди, дом 23, корпус 4",Юго-Западный административный округ,район Черёмушки,37.65475640654,55.746200654765,Театр
436,"город Москва, улица Гарибальди, дом 23, корпус 4",Юго-Западный административный округ,район Черёмушки,37.620380485342,55.659963590443,Театр
437,"город Москва, улица Гарибальди, дом 23, корпус 4",Юго-Западный административный округ,район Черёмушки,37.613582426034,55.78553344964,Театр
438,"город Москва, улица Гарибальди, дом 23, корпус 4",Юго-Западный административный округ,район Черёмушки,37.592122339271,55.76615759084,Театр
439,"город Москва, улица Гарибальди, дом 23, корпус 4",Юго-Западный административный округ,район Черёмушки,37.812628586074,55.745458912451,Театр
440,"город Москва, улица Гарибальди, дом 23, корпус 4",Юго-Западный административный округ,район Черёмушки,37.591888152323,55.756519530703,Театр
441,"город Москва, улица Гарибальди, дом 23, корпус 4",Юго-Западный административный округ,район Черёмушки,37.599188927625,55.757074351329,Театр
442,"город Москва, улица Гарибальди, дом 23, корпус 4",Юго-Западный административный округ,район Черёмушки,37.661354612459,55.744087817052,Театр
443,"город Москва, улица Гарибальди, дом 23, корпус 4",Юго-Западный административный округ,район Черёмушки,37.655462445173,55.763572954071,Театр
444,"город Москва, улица Гарибальди, дом 23, корпус 4",Юго-Западный административный округ,район Черёмушки,37.546677901137,55.74385564488,Театр
445,"город Москва, улица Гарибальди, дом 23, корпус 4",Юго-Западный административный округ,район Черёмушки,37.227336493159,55.997470921413,Театр
446,"город Москва, улица Гарибальди, дом 23, корпус 4",Юго-Западный административный округ,район Черёмушки,37.597769127735,55.759358933885,Театр
447,"город Москва, улица Гарибальди, дом 23, корпус 4",Юго-Западный административный округ,район Черёмушки,37.607129312593,55.768158947661,Театр
448,"город Москва, улица Гарибальди, дом 23, корпус 4",Юго-Западный административный округ,район Черёмушки,37.663716865488,55.770036223199,Театр
449,"город Москва, улица Гарибальди, дом 23, корпус 4",Юго-Западный административный округ,район Черёмушки,37.606768336378,55.767722923907,Театр
450,"город Москва, улица Гарибальди, дом 23, корпус 4",Юго-Западный административный округ,район Черёмушки,37.678217736292,55.772585115586,Театр
451,"город Москва, улица Гарибальди, дом 23, корпус 4",Юго-Западный административный округ,район Черёмушки,37.673910503474566,55.782321793443174,Театр
452,"город Москва, улица Гарибальди, дом 23, корпус 4",Юго-Западный административный округ,район Черёмушки,37.609050748023,55.771601539089,Театр
453,"город Москва, улица Гарибальди, дом 23, корпус 4",Юго-Западный административный округ,район Черёмушки,37.653913380025,55.743252576016,Театр
454,"город Москва, улица Гарибальди, дом 23, корпус 4",Юго-Западный административный округ,район Черёмушки,37.826304983881,55.724736436674,Театр
455,"город Москва, улица Гарибальди, дом 23, корпус 4",Юго-Западный административный округ,район Черёмушки,37.601676843699,55.762270791298,Театр
456,"город Москва, улица Гарибальди, дом 23, корпус 4",Юго-Западный административный округ,район Черёмушки,37.540524424498,55.689780871544,Театр
457,"город Москва, улица Гарибальди, дом 23, корпус 4",Юго-Западный административный округ,район Черёмушки,37.664447522271,55.741323305846,Театр
458,"город Москва, улица Гарибальди, дом 23, корпус 4",Юго-Западный административный округ,район Черёмушки,37.653892543001,55.766817370336,Театр
459,"город Москва, улица Гарибальди, дом 23, корпус 4",Юго-Западный административный округ,район Черёмушки,37.680998618,55.863779060061,Театр
460,"город Москва, улица Гарибальди, дом 23, корпус 4",Юго-Западный административный округ,район Черёмушки,37.598007223895,55.781418060878,Театр
461,"город Москва, улица Гарибальди, дом 23, корпус 4",Юго-Западный административный округ,район Черёмушки,37.683080444246,55.790769623967,Театр
462,"город Москва, улица Гарибальди, дом 23, корпус 4",Юго-Западный административный округ,район Черёмушки,37.784109239661,55.717065251552,Театр
463,"город Москва, улица Гарибальди, дом 23, корпус 4",Юго-Западный административный округ,район Черёмушки,37.605677171492,55.763405445537,Театр
464,"город Москва, улица Гарибальди, дом 23, корпус 4",Юго-Западный административный округ,район Черёмушки,37.625819049449,55.733396050018,Театр
465,"город Москва, улица Гарибальди, дом 23, корпус 4",Юго-Западный административный округ,район Черёмушки,37.616297623,55.760215721486,Театр
466,"город Москва, улица Гарибальди, дом 23, корпус 4",Юго-Западный административный округ,район Черёмушки,37.677666461824,55.77268252544,Театр
467,"город Москва, улица Гарибальди, дом 23, корпус 4",Юго-Западный административный округ,район Черёмушки,37.597436737464,55.761402546958,Театр
468,"город Москва, улица Гарибальди, дом 23, корпус 4",Юго-Западный административный округ,район Черёмушки,37.48115796629966,55.655477756430486,Театр
469,"город Москва, улица Гарибальди, дом 23, корпус 4",Юго-Западный административный округ,район Черёмушки,37.561404932811435,55.727046754479964,Театр
470,"город Москва, улица Гарибальди, дом 23, корпус 4",Юго-Западный административный округ,район Черёмушки,37.631873908802,55.770162410826,Театр
471,"город Москва, улица Гарибальди, дом 23, корпус 4",Юго-Западный административный округ,район Черёмушки,37.49967034483,55.741201386215,Театр
472,"город Москва, улица Гарибальди, дом 23, корпус 4",Юго-Западный административный округ,район Черёмушки,37.670950671714,55.734438319347,Театр
473,"город Москва, улица Гарибальди, дом 23, корпус 4",Юго-Западный административный округ,район Черёмушки,37.653913380025,55.743252576016,Театр
474,"город Москва, улица Гарибальди, дом 23, корпус 4",Юго-Западный административный округ,район Черёмушки,37.661508972472,55.835037986701,Театр
475,"город Москва, улица Гарибальди, дом 23, корпус 4",Юго-Западный административный округ,район Черёмушки,37.535634038838,55.743534729724,Театр
476,"город Москва, улица Гарибальди, дом 23, корпус 4",Юго-Западный административный округ,район Черёмушки,37.682463271647,55.776647379486,Театр
477,"город Москва, улица Гарибальди, дом 23, корпус 4",Юго-Западный административный округ,район Черёмушки,37.721041480831,55.87371875637,Театр
478,"город Москва, улица Гарибальди, дом 23, корпус 4",Юго-Западный административный округ,район Черёмушки,37.66215501481,55.762311230714,Театр
479,"город Москва, улица Гарибальди, дом 23, корпус 4",Юго-Западный административный округ,район Черёмушки,37.813155472012,55.796584776573,Театр
480,"город Москва, улица Гарибальди, дом 23, корпус 4",Юго-Западный административный округ,район Черёмушки,37.646090178229,55.764207898481,Театр
481,"город Москва, улица Гарибальди, дом 23, корпус 4",Юго-Западный административный округ,район Черёмушки,37.596413877039296,55.76783694746041,Театр
482,"город Москва, улица Гарибальди, дом 23, корпус 4",Юго-Западный административный округ,район Черёмушки,37.660572684263,55.771943448354,Театр
483,"город Москва, улица Гарибальди, дом 23, корпус 4",Юго-Западный административный округ,район Черёмушки,37.554849397357,55.776757205439,Театр
484,"город Москва, улица Гарибальди, дом 23, корпус 4",Юго-Западный административный округ,район Черёмушки,37.599371436804,55.782632788568,Театр
485,"город Москва, улица Гарибальди, дом 23, корпус 4",Юго-Западный административный округ,район Черёмушки,37.597338017422,55.765586324477,Театр
486,"город Москва, улица Гарибальди, дом 23, корпус 4",Юго-Западный административный округ,район Черёмушки,37.611278986469685,55.74492471692929,Театр
487,"город Москва, улица Гарибальди, дом 23, корпус 4",Юго-Западный административный округ,район Черёмушки,37.6639301513,55.771662121388,Театр
488,"город Москва, улица Гарибальди, дом 23, корпус 4",Юго-Западный административный округ,район Черёмушки,37.647323676612,55.760899692675,Театр
489,"город Москва, улица Гарибальди, дом 23, корпус 4",Юго-Западный административный округ,район Черёмушки,37.591485623177,55.749322975576,Театр
490,"город Москва, улица Гарибальди, дом 23, корпус 4",Юго-Западный административный округ,район Черёмушки,37.453942269752,55.829631294893,Театр
491,"город Москва, улица Гарибальди, дом 23, корпус 4",Юго-Западный административный округ,район Черёмушки,37.600307056388,55.766206064093,Театр
492,"город Москва, улица Гарибальди, дом 23, корпус 4",Юго-Западный административный округ,район Черёмушки,37.672603824961,55.763847504076,Театр
493,"город Москва, улица Гарибальди, дом 23, корпус 4",Юго-Западный административный округ,район Черёмушки,37.610516380216,55.764579224013,Театр
494,"город Москва, улица Гарибальди, дом 23, корпус 4",Юго-Западный административный округ,район Черёмушки,37.596498891651,55.751839987236,Театр
495,"город Москва, улица Гарибальди, дом 23, корпус 4",Юго-Западный административный округ,район Черёмушки,37.604387195663,55.756997880227,Театр
496,"город Москва, улица Гарибальди, дом 23, корпус 4",Юго-Западный административный округ,район Черёмушки,37.621139777548,55.728872728622,Театр
497,"город Москва, улица Гарибальди, дом 23, корпус 4",Юго-Западный административный округ,район Черёмушки,37.58782858035613,55.76264456117638,Театр
498,"город Москва, улица Гарибальди, дом 23, корпус 4",Юго-Западный административный округ,район Черёмушки,37.603582180074,55.758854865698,Театр
499,"город Москва, улица Гарибальди, дом 23, корпус 4",Юго-Западный административный округ,район Черёмушки,37.576617175939,55.716125885752,Театр
500,"город Москва, улица Гарибальди, дом 23, корпус 4",Юго-Западный административный округ,район Черёмушки,37.569326600511,55.784732214212,Театр
501,"город Москва, улица Гарибальди, дом 23, корпус 4",Юго-Западный административный округ,район Черёмушки,37.59135009288387,55.72195072444033,Театр
502,"город Москва, улица Гарибальди, дом 23, корпус 4",Юго-Западный административный округ,район Черёмушки,37.542329,55.674022,Театр
503,"город Москва, улица Гарибальди, дом 23, корпус 4",Юго-Западный административный округ,район Черёмушки,37.635663396956,55.765064577341,Театр
504,"город Москва, улица Гарибальди, дом 23, корпус 4",Юго-Западный административный округ,район Черёмушки,37.645836,55.76179300000001,Театр
505,"город Москва, улица Гарибальди, дом 23, корпус 4",Юго-Западный административный округ,район Черёмушки,37.631019725415,55.769190389898,Театр
506,"город Москва, улица Гарибальди, дом 23, корпус 4",Юго-Западный административный округ,район Черёмушки,37.620743,55.766947,Театр
